{"VAD1":66.7321428571,"TT2plus":69.2735849057,"MenA":69.5,"YFV":75.1081081081,
  "PAB":77.0689655172,"HepB_BD":80.275,"rotac":80.7951807229,"MCV2":81.6621621622,
  "IPV1":81.7205882353,"PCV3":83.008,"JapEnc":84.3636363636,"DTP4":84.7943925234,
  "Rota1":86.3375,"PCV2":86.6218487395,"MCV1":88.478021978,"HepB3":88.9595375723,
  "Pol3":89.2324324324,"Hib3":89.5706214689,"DTP3":89.6141304348,"BCG":89.8246753247,
  "PCV1":90.4824561404,"RCV1":91.2713178295,"DTP1":93.0769230769}
